project_id,origin_id,class_name,line_coverage_pct,branch_coverage_pct,cyclomatic_complexity,mutation_coverage_pct,test_strength_pct,mutants_killed,mutants_total
compress,developer,org.apache.commons.compress.archivers.ArchiveEntry,34.82,15.48,13,64.05,57.42,12,19
compress,developer,org.apache.commons.compress.archivers.ArchiveException,86.76,88.71,24,30.05,56.09,10,32
compress,developer,org.apache.commons.compress.archivers.ArchiveInputStream,56.16,0.0,3,10.84,64.64,0,1
compress,developer,org.apache.commons.compress.archivers.ArchiveOutputStream,57.25,35.23,8,42.85,48.24,3,7
compress,developer,org.apache.commons.compress.archivers.ArchiveStreamFactory,76.19,0.0,2,22.1,82.63,0,2
compress,developer,org.apache.commons.compress.archivers.Lister,92.36,82.19,7,42.27,53.12,5,11
compress,developer,org.apache.commons.compress.archivers.ar.ArArchiveEntry,31.8,44.02,7,81.61,73.0,10,12
compress,developer,org.apache.commons.compress.archivers.ar.ArArchiveInputStream,47.44,22.54,18,32.72,65.34,9,29
compress,developer,org.apache.commons.compress.archivers.ar.ArArchiveOutputStream,65.99,66.7,2,52.45,54.62,1,2
compress,developer,org.apache.commons.compress.archivers.arj.ArjArchiveEntry,32.76,21.57,2,36.59,64.26,1,2
compress,developer,org.apache.commons.compress.archivers.arj.ArjArchiveInputStream,100.0,0.0,6,25.47,68.87,1,4
compress,developer,org.apache.commons.compress.archivers.arj.LocalFileHeader,94.5,0.0,6,39.08,78.73,1,3
compress,developer,org.apache.commons.compress.archivers.arj.MainHeader,100.0,82.86,33,54.27,42.19,24,44
compress,developer,org.apache.commons.compress.archivers.cpio.CpioArchiveEntry,20.89,3.77,6,23.76,49.58,2,8
compress,developer,org.apache.commons.compress.archivers.cpio.CpioArchiveInputStream,47.34,46.28,6,57.07,67.11,5,8
compress,developer,org.apache.commons.compress.archivers.cpio.CpioArchiveOutputStream,14.45,18.55,7,29.07,54.5,3,10
compress,developer,org.apache.commons.compress.archivers.cpio.CpioConstants,90.85,70.32,3,40.72,61.03,0,1
compress,developer,org.apache.commons.compress.archivers.cpio.CpioUtil,82.84,79.61,2,93.55,74.83,1,1
compress,developer,org.apache.commons.compress.archivers.dump.DumpArchiveConstants,71.54,62.67,2,20.82,64.68,1,3
compress,developer,org.apache.commons.compress.archivers.dump.DumpArchiveEntry,100.0,100.0,3,55.91,35.82,1,2
compress,developer,org.apache.commons.compress.archivers.dump.DumpArchiveInputStream,96.98,0.0,6,31.51,89.36,2,5
compress,developer,org.apache.commons.compress.archivers.dump.DumpArchiveSummary,4.49,0.0,5,47.31,45.66,2,4
compress,developer,org.apache.commons.compress.archivers.dump.InvalidFormatException,100.0,0.0,1,28.57,57.06,0,1
compress,developer,org.apache.commons.compress.archivers.dump.ShortFileException,100.0,77.91,2,56.69,71.02,1,2
compress,developer,org.apache.commons.compress.archivers.dump.TapeInputStream,39.47,0.0,17,56.89,82.17,5,9
compress,developer,org.apache.commons.compress.archivers.dump.UnrecognizedFormatException,69.67,63.49,2,46.88,64.62,1,3
compress,developer,org.apache.commons.compress.archivers.jar.JarArchiveEntry,57.6,51.88,3,16.08,50.79,0,2
compress,developer,org.apache.commons.compress.archivers.jar.JarArchiveInputStream,81.92,62.42,23,72.31,66.92,17,24
compress,developer,org.apache.commons.compress.archivers.jar.JarArchiveOutputStream,9.07,0.0,4,40.43,63.29,1,3
compress,developer,org.apache.commons.compress.archivers.sevenz.AES256SHA256Decoder,96.95,81.61,17,12.96,58.85,1,8
compress,developer,org.apache.commons.compress.archivers.sevenz.Archive,36.94,38.57,26,95.24,57.39,41,43
compress,developer,org.apache.commons.compress.archivers.sevenz.BindPair,45.8,41.21,7,51.79,55.15,7,13
compress,developer,org.apache.commons.compress.archivers.sevenz.Coder,65.1,48.87,2,69.11,53.23,1,2
compress,developer,org.apache.commons.compress.archivers.sevenz.Coders,40.97,0.0,27,4.15,73.53,1,30
compress,developer,org.apache.commons.compress.archivers.sevenz.DeltaDecoder,13.32,14.88,10,61.12,54.92,4,6
compress,developer,org.apache.commons.compress.archivers.sevenz.Folder,72.44,57.95,16,18.71,52.25,3,14
compress,developer,org.apache.commons.compress.archivers.sevenz.LZMA2Decoder,43.65,40.9,31,15.24,56.28,5,34
compress,developer,org.apache.commons.compress.archivers.sevenz.SevenZArchiveEntry,52.8,59.38,17,47.08,44.53,8,17
compress,developer,org.apache.commons.compress.archivers.sevenz.SevenZFile,21.13,2.57,10,53.5,45.57,6,12
compress,developer,org.apache.commons.compress.archivers.sevenz.SevenZOutputFile,47.99,0.0,17,56.91,45.12,6,11
compress,developer,org.apache.commons.compress.archivers.sevenz.SevenZMethod,82.99,92.98,6,34.78,71.07,2,7
compress,developer,org.apache.commons.compress.archivers.sevenz.SevenZMethodConfiguration,36.28,38.96,18,60.16,55.77,19,31
compress,developer,org.apache.commons.compress.archivers.sevenz.StartHeader,89.66,77.75,9,10.09,54.56,1,11
compress,developer,org.apache.commons.compress.archivers.sevenz.StreamMap,70.34,53.73,2,47.47,79.76,0,1
compress,developer,org.apache.commons.compress.archivers.tar.TarArchiveEntry,38.66,35.86,17,7.96,47.95,1,10
compress,developer,org.apache.commons.compress.archivers.tar.TarArchiveInputStream,62.27,0.0,14,28.23,56.96,3,9
compress,developer,org.apache.commons.compress.archivers.tar.TarArchiveOutputStream,45.47,20.13,61,28.35,54.58,14,50
compress,developer,org.apache.commons.compress.archivers.tar.TarConstants,60.27,33.31,8,26.11,70.44,3,11
compress,developer,org.apache.commons.compress.archivers.tar.TarUtils,93.29,79.39,12,29.89,54.59,3,10
compress,developer,org.apache.commons.compress.archivers.zip.AsiExtraField,91.43,94.17,5,49.26,58.06,2,5
compress,developer,org.apache.commons.compress.archivers.zip.BinaryTree,69.04,42.18,33,21.94,43.74,5,23
compress,developer,org.apache.commons.compress.archivers.zip.BitStream,100.0,99.08,4,26.95,33.97,1,2
compress,developer,org.apache.commons.compress.archivers.zip.CircularBuffer,100.0,100.0,6,58.5,61.2,5,9
compress,developer,org.apache.commons.compress.archivers.zip.ExplodingInputStream,100.0,99.57,2,72.12,72.48,1,2
compress,developer,org.apache.commons.compress.archivers.zip.ExtraFieldUtils,74.87,72.8,9,61.47,64.6,6,10
compress,developer,org.apache.commons.compress.archivers.zip.GeneralPurposeBit,96.56,85.46,9,54.04,57.95,7,13
compress,developer,org.apache.commons.compress.archivers.zip.JarMarker,11.62,0.0,13,32.47,60.27,5,14
compress,developer,org.apache.commons.compress.archivers.zip.ParallelScatterZipCreator,84.1,70.08,41,65.02,83.28,29,44
compress,developer,org.apache.commons.compress.archivers.zip.ScatterZipOutputStream,100.0,100.0,8,37.72,60.37,4,10
compress,developer,org.apache.commons.compress.archivers.zip.StreamCompressor,6.18,2.58,10,24.85,55.87,3,12
compress,developer,org.apache.commons.compress.archivers.zip.UnixStat,100.0,90.4,3,58.85,55.44,2,3
compress,developer,org.apache.commons.compress.archivers.zip.UnrecognizedExtraField,30.21,26.99,4,48.13,53.31,1,3
compress,developer,org.apache.commons.compress.archivers.zip.UnshrinkingInputStream,73.81,65.01,4,88.57,35.09,3,3
compress,developer,org.apache.commons.compress.archivers.zip.UnsupportedZipFeatureException,100.0,95.31,3,59.31,63.2,3,5
compress,developer,org.apache.commons.compress.archivers.zip.X000A_NTFS,46.65,0.0,3,36.41,52.11,1,2
compress,developer,org.apache.commons.compress.archivers.zip.X0014_X509Certificates,24.27,0.0,5,0.0,74.16,0,5
compress,developer,org.apache.commons.compress.archivers.zip.X5455_ExtendedTimestamp,69.8,57.53,3,56.44,49.08,1,2
compress,developer,org.apache.commons.compress.archivers.zip.X7875_NewUnix,100.0,85.03,11,44.18,69.73,7,15
compress,developer,org.apache.commons.compress.archivers.zip.ZipArchiveEntry,4.21,0.0,23,43.31,70.54,13,31
compress,developer,org.apache.commons.compress.archivers.zip.ZipArchiveInputStream,32.88,0.0,7,26.01,61.35,1,3
compress,developer,org.apache.commons.compress.archivers.zip.ZipArchiveOutputStream,100.0,74.5,23,74.37,55.71,22,29
compress,developer,org.apache.commons.compress.archivers.zip.ZipEncodingHelper,41.42,17.03,92,57.67,62.72,60,104
compress,developer,org.apache.commons.compress.archivers.zip.ZipFile,49.81,0.0,36,0.8,52.62,0,22
compress,developer,org.apache.commons.compress.archivers.zip.ZipLong,52.97,0.0,66,47.38,38.16,26,55
compress,developer,org.apache.commons.compress.archivers.zip.ZipMethod,4.21,0.0,6,51.71,38.36,5,9
compress,developer,org.apache.commons.compress.archivers.zip.ZipShort,72.73,0.0,8,47.47,53.51,3,7
compress,developer,org.apache.commons.compress.archivers.zip.ZipSplitReadOnlySeekableByteChannel,95.83,98.5,8,67.5,66.0,6,9
compress,developer,org.apache.commons.compress.archivers.zip.ZipUtil,16.08,0.0,3,39.67,42.55,0,1
compress,developer,org.apache.commons.compress.changes.Change,55.46,34.46,3,31.79,72.37,1,2
compress,developer,org.apache.commons.compress.changes.ChangeSet,4.21,0.0,13,56.66,47.7,7,12
compress,developer,org.apache.commons.compress.changes.ChangeSetPerformer,29.49,40.93,7,68.77,47.36,4,6
compress,developer,org.apache.commons.compress.changes.ChangeSetResults,73.65,52.11,11,24.47,42.3,3,11
compress,developer,org.apache.commons.compress.compressors.CompressorException,16.24,0.0,5,33.79,47.36,1,3
compress,developer,org.apache.commons.compress.compressors.CompressorInputStream,85.41,90.97,3,17.88,45.68,1,3
compress,developer,org.apache.commons.compress.compressors.CompressorOutputStream,17.03,9.79,14,30.14,53.02,5,18
compress,developer,org.apache.commons.compress.compressors.CompressorStreamFactory,42.44,27.63,2,56.43,55.7,1,2
compress,developer,org.apache.commons.compress.compressors.bzip2.BZip2CompressorInputStream,73.3,60.25,23,15.46,70.52,6,37
compress,developer,org.apache.commons.compress.compressors.bzip2.BZip2CompressorOutputStream,84.19,0.0,19,38.76,63.2,5,12
compress,developer,org.apache.commons.compress.compressors.bzip2.BlockSort,100.0,80.54,12,42.05,46.36,8,19
compress,developer,org.apache.commons.compress.compressors.bzip2.CRC,60.18,0.0,10,45.87,73.15,2,5
compress,developer,org.apache.commons.compress.compressors.bzip2.Rand,92.91,0.0,2,63.95,47.18,1,1
compress,developer,org.apache.commons.compress.compressors.deflate.DeflateCompressorInputStream,100.0,84.13,11,31.48,52.07,2,7
compress,developer,org.apache.commons.compress.compressors.deflate.DeflateCompressorOutputStream,88.12,50.04,10,22.18,52.36,2,9
compress,developer,org.apache.commons.compress.compressors.deflate.DeflateParameters,40.96,0.0,1,72.12,47.66,1,1
compress,developer,org.apache.commons.compress.compressors.gzip.GzipCompressorInputStream,53.39,37.5,22,48.34,50.2,6,12
compress,developer,org.apache.commons.compress.compressors.gzip.GzipCompressorOutputStream,55.2,47.72,4,6.96,59.65,0,2
compress,developer,org.apache.commons.compress.compressors.gzip.GzipParameters,66.85,48.82,2,37.7,77.68,0,1
compress,developer,org.apache.commons.compress.compressors.lz4.BlockLZ4CompressorInputStream,83.12,59.05,4,70.57,57.99,2,3
compress,developer,org.apache.commons.compress.compressors.lz4.BlockLZ4CompressorOutputStream,48.6,48.65,6,96.09,76.35,8,8
compress,developer,org.apache.commons.compress.compressors.lz4.FramedLZ4CompressorInputStream,60.34,49.22,4,46.11,51.23,2,5
compress,developer,org.apache.commons.compress.compressors.lz4.FramedLZ4CompressorOutputStream,29.0,0.0,8,37.4,58.87,3,7
compress,developer,org.apache.commons.compress.compressors.lzma.LZMACompressorInputStream,43.55,37.05,7,32.03,60.93,2,7
compress,developer,org.apache.commons.compress.compressors.lzma.LZMACompressorOutputStream,83.46,60.99,10,63.26,67.92,7,11
compress,developer,org.apache.commons.compress.compressors.snappy.FramedSnappyCompressorInputStream,33.13,33.8,2,48.94,71.7,1,3
compress,developer,org.apache.commons.compress.compressors.snappy.FramedSnappyCompressorOutputStream,62.23,57.51,7,67.34,53.02,4,6
compress,developer,org.apache.commons.compress.compressors.snappy.PureJavaCrc32C,14.23,0.0,1,57.73,45.15,1,1
compress,developer,org.apache.commons.compress.compressors.snappy.SnappyCompressorInputStream,100.0,100.0,14,67.88,54.1,17,25
compress,developer,org.apache.commons.compress.compressors.xz.XZCompressorInputStream,15.12,20.25,20,41.85,45.56,13,31
compress,developer,org.apache.commons.compress.compressors.xz.XZCompressorOutputStream,47.52,45.67,5,45.88,21.65,3,7
compress,developer,org.apache.commons.compress.compressors.z.ZCompressorInputStream,5.27,0.0,11,47.91,56.87,5,11
compress,developer,org.apache.commons.compress.compressors.zstandard.ZstdCompressorInputStream,93.13,88.74,3,10.86,61.83,0,4
compress,developer,org.apache.commons.compress.compressors.zstandard.ZstdCompressorOutputStream,70.49,63.45,26,37.4,62.86,8,22
compress,developer,org.apache.commons.compress.parallel.InputStreamSupplier,17.16,0.0,1,63.81,58.22,1,1
compress,developer,org.apache.commons.compress.parallel.ScatterGatherBackingStore,31.83,0.0,6,54.12,76.68,4,7
compress,developer,org.apache.commons.compress.parallel.ScatterGatherBackingStoreSupplier,25.62,0.0,11,68.16,65.73,9,13
compress,developer,org.apache.commons.compress.utils.ArchiveUtils,10.44,6.76,18,24.15,53.22,3,13
compress,developer,org.apache.commons.compress.utils.BitInputStream,65.83,47.87,15,32.86,47.44,8,24
compress,developer,org.apache.commons.compress.utils.BoundedArchiveInputStream,85.24,65.48,7,30.4,52.54,3,9
compress,developer,org.apache.commons.compress.utils.BoundedInputStream,50.44,37.44,9,72.81,51.49,6,8
compress,developer,org.apache.commons.compress.utils.ByteUtils,35.09,35.24,17,19.7,79.05,2,9
compress,developer,org.apache.commons.compress.utils.Charsets,56.66,43.59,36,0.0,67.9,0,22
compress,developer,org.apache.commons.compress.utils.ChecksumCalculatingInputStream,36.39,40.63,8,14.84,76.81,2,11
compress,developer,org.apache.commons.compress.utils.ChecksumVerifyingInputStream,96.69,78.54,31,26.04,70.15,7,27
compress,developer,org.apache.commons.compress.utils.CountingInputStream,54.0,45.74,47,55.9,56.96,15,26
compress,developer,org.apache.commons.compress.utils.CountingOutputStream,68.53,67.89,46,47.11,69.27,33,70
compress,developer,org.apache.commons.compress.utils.FileNameUtils,74.61,49.29,91,76.81,43.83,76,99
compress,developer,org.apache.commons.compress.utils.FixedLengthBlockOutputStream,64.98,0.0,1,40.61,56.87,0,1
compress,developer,org.apache.commons.compress.utils.IOUtils,29.37,35.54,42,20.91,67.47,13,61
compress,developer,org.apache.commons.compress.utils.InputStreamStatistics,59.67,41.47,21,45.06,66.52,10,22
compress,developer,org.apache.commons.compress.utils.Iterators,94.93,88.31,32,47.12,33.32,17,36
compress,developer,org.apache.commons.compress.utils.Lists,62.97,52.87,10,39.56,56.13,5,13
compress,developer,org.apache.commons.compress.utils.MultiReadOnlySeekableByteChannel,72.77,0.0,5,63.52,54.03,3,5
compress,developer,org.apache.commons.compress.utils.OsgiUtils,42.12,28.58,34,41.82,61.57,25,59
compress,developer,org.apache.commons.compress.utils.SeekableInMemoryByteChannel,85.77,65.73,45,48.02,60.16,35,72
compress,developer,org.apache.commons.compress.utils.ServiceLoaderIterator,74.34,75.28,11,62.15,57.1,11,18
compress,developer,org.apache.commons.compress.utils.Sets,4.21,0.0,10,22.79,64.88,4,18
compress,opus-4.5,org.apache.commons.compress.archivers.ArchiveEntry,100.0,0.0,8,29.11,58.0,1,5
compress,opus-4.5,org.apache.commons.compress.archivers.ArchiveException,72.24,57.18,43,38.58,47.39,23,59
compress,opus-4.5,org.apache.commons.compress.archivers.ArchiveInputStream,68.77,39.76,9,58.04,68.77,8,13
compress,opus-4.5,org.apache.commons.compress.archivers.ArchiveOutputStream,63.63,24.67,4,43.16,76.97,2,4
compress,opus-4.5,org.apache.commons.compress.archivers.ArchiveStreamFactory,80.47,81.42,8,61.36,69.04,6,9
compress,opus-4.5,org.apache.commons.compress.archivers.Lister,45.63,25.22,7,53.75,61.68,2,4
compress,opus-4.5,org.apache.commons.compress.archivers.ar.ArArchiveEntry,58.64,54.83,9,37.61,50.79,3,7
compress,opus-4.5,org.apache.commons.compress.archivers.ar.ArArchiveInputStream,100.0,94.91,37,46.06,27.25,18,39
compress,opus-4.5,org.apache.commons.compress.archivers.ar.ArArchiveOutputStream,73.54,63.25,2,43.71,69.02,0,1
compress,opus-4.5,org.apache.commons.compress.archivers.arj.ArjArchiveEntry,98.19,83.03,2,81.71,61.99,2,3
compress,opus-4.5,org.apache.commons.compress.archivers.arj.ArjArchiveInputStream,68.73,51.85,11,58.3,56.59,10,17
compress,opus-4.5,org.apache.commons.compress.archivers.arj.LocalFileHeader,42.96,37.32,11,17.6,73.89,2,10
compress,opus-4.5,org.apache.commons.compress.archivers.arj.MainHeader,81.88,65.57,24,68.08,30.89,18,26
compress,opus-4.5,org.apache.commons.compress.archivers.cpio.CpioArchiveEntry,64.98,35.84,6,63.44,63.07,1,2
compress,opus-4.5,org.apache.commons.compress.archivers.cpio.CpioArchiveInputStream,61.99,46.22,10,42.4,65.24,6,14
compress,opus-4.5,org.apache.commons.compress.archivers.cpio.CpioArchiveOutputStream,73.33,76.45,12,41.7,40.87,6,15
compress,opus-4.5,org.apache.commons.compress.archivers.cpio.CpioConstants,70.84,76.82,3,35.17,51.19,1,3
compress,opus-4.5,org.apache.commons.compress.archivers.cpio.CpioUtil,91.21,81.07,4,43.68,64.95,2,5
compress,opus-4.5,org.apache.commons.compress.archivers.dump.DumpArchiveConstants,90.8,81.63,2,66.26,55.06,1,1
compress,opus-4.5,org.apache.commons.compress.archivers.dump.DumpArchiveEntry,78.24,0.0,1,73.14,49.03,1,1
compress,opus-4.5,org.apache.commons.compress.archivers.dump.DumpArchiveInputStream,51.23,50.55,13,38.6,53.66,3,8
compress,opus-4.5,org.apache.commons.compress.archivers.dump.DumpArchiveSummary,75.91,79.09,3,70.68,63.34,2,3
compress,opus-4.5,org.apache.commons.compress.archivers.dump.InvalidFormatException,87.5,100.0,3,74.23,59.45,1,2
compress,opus-4.5,org.apache.commons.compress.archivers.dump.ShortFileException,85.71,68.14,2,50.96,52.05,1,1
compress,opus-4.5,org.apache.commons.compress.archivers.dump.TapeInputStream,73.13,46.71,14,42.11,63.31,7,17
compress,opus-4.5,org.apache.commons.compress.archivers.dump.UnrecognizedFormatException,53.78,56.53,2,49.25,55.19,1,2
compress,opus-4.5,org.apache.commons.compress.archivers.jar.JarArchiveEntry,63.85,57.1,3,51.1,64.66,2,3
compress,opus-4.5,org.apache.commons.compress.archivers.jar.JarArchiveInputStream,100.0,0.0,10,40.7,60.27,4,11
compress,opus-4.5,org.apache.commons.compress.archivers.jar.JarArchiveOutputStream,68.99,52.52,3,70.06,38.54,2,3
compress,opus-4.5,org.apache.commons.compress.archivers.sevenz.AES256SHA256Decoder,65.19,46.25,19,21.0,61.86,5,25
compress,opus-4.5,org.apache.commons.compress.archivers.sevenz.Archive,97.34,97.92,25,50.64,64.44,14,27
compress,opus-4.5,org.apache.commons.compress.archivers.sevenz.BindPair,57.48,35.55,9,69.87,56.33,6,9
compress,opus-4.5,org.apache.commons.compress.archivers.sevenz.Coder,96.45,82.98,2,78.06,54.7,1,1
compress,opus-4.5,org.apache.commons.compress.archivers.sevenz.Coders,59.16,41.68,52,21.7,62.26,13,61
compress,opus-4.5,org.apache.commons.compress.archivers.sevenz.DeltaDecoder,46.36,34.0,11,53.05,73.1,7,14
compress,opus-4.5,org.apache.commons.compress.archivers.sevenz.Folder,32.61,18.37,9,21.16,74.25,1,6
compress,opus-4.5,org.apache.commons.compress.archivers.sevenz.LZMA2Decoder,7.85,0.0,26,71.17,46.11,17,24
compress,opus-4.5,org.apache.commons.compress.archivers.sevenz.SevenZArchiveEntry,80.16,67.77,37,26.88,45.35,16,60
compress,opus-4.5,org.apache.commons.compress.archivers.sevenz.SevenZFile,100.0,89.9,13,27.32,60.82,3,11
compress,opus-4.5,org.apache.commons.compress.archivers.sevenz.SevenZOutputFile,100.0,100.0,23,57.01,63.01,19,34
compress,opus-4.5,org.apache.commons.compress.archivers.sevenz.SevenZMethod,100.0,76.86,7,30.48,48.73,1,4
compress,opus-4.5,org.apache.commons.compress.archivers.sevenz.SevenZMethodConfiguration,72.06,51.84,17,56.76,71.22,12,21
compress,opus-4.5,org.apache.commons.compress.archivers.sevenz.StartHeader,90.52,77.62,7,11.27,80.61,1,9
compress,opus-4.5,org.apache.commons.compress.archivers.sevenz.StreamMap,80.42,73.43,2,65.59,57.05,2,3
compress,opus-4.5,org.apache.commons.compress.archivers.tar.TarArchiveEntry,50.61,30.8,21,44.37,64.95,8,18
compress,opus-4.5,org.apache.commons.compress.archivers.tar.TarArchiveInputStream,43.1,24.74,28,28.5,64.4,11,38
compress,opus-4.5,org.apache.commons.compress.archivers.tar.TarArchiveOutputStream,44.26,54.88,47,33.94,52.61,12,35
compress,opus-4.5,org.apache.commons.compress.archivers.tar.TarConstants,26.0,0.0,4,26.77,61.78,1,3
compress,opus-4.5,org.apache.commons.compress.archivers.tar.TarUtils,65.06,62.17,20,59.07,35.81,15,25
compress,opus-4.5,org.apache.commons.compress.archivers.zip.AsiExtraField,90.45,74.88,11,60.44,61.85,7,12
compress,opus-4.5,org.apache.commons.compress.archivers.zip.BinaryTree,43.24,15.16,44,49.17,42.28,29,59
compress,opus-4.5,org.apache.commons.compress.archivers.zip.BitStream,85.27,68.08,4,48.11,66.03,3,6
compress,opus-4.5,org.apache.commons.compress.archivers.zip.CircularBuffer,88.45,89.21,6,70.16,66.23,4,6
compress,opus-4.5,org.apache.commons.compress.archivers.zip.ExplodingInputStream,95.32,68.83,4,50.14,59.86,3,5
compress,opus-4.5,org.apache.commons.compress.archivers.zip.ExtraFieldUtils,100.0,88.76,6,59.38,30.57,2,4
compress,opus-4.5,org.apache.commons.compress.archivers.zip.GeneralPurposeBit,28.89,30.36,12,50.47,62.45,8,16
compress,opus-4.5,org.apache.commons.compress.archivers.zip.JarMarker,88.46,77.15,37,46.83,58.67,21,45
compress,opus-4.5,org.apache.commons.compress.archivers.zip.ParallelScatterZipCreator,100.0,100.0,28,53.18,55.23,12,22
compress,opus-4.5,org.apache.commons.compress.archivers.zip.ScatterZipOutputStream,82.66,75.83,10,37.03,66.06,5,14
compress,opus-4.5,org.apache.commons.compress.archivers.zip.StreamCompressor,82.82,67.05,8,69.86,35.26,4,6
compress,opus-4.5,org.apache.commons.compress.archivers.zip.UnixStat,79.32,50.83,4,71.07,50.18,4,5
compress,opus-4.5,org.apache.commons.compress.archivers.zip.UnrecognizedExtraField,100.0,100.0,5,64.35,77.38,2,3
compress,opus-4.5,org.apache.commons.compress.archivers.zip.UnshrinkingInputStream,33.91,0.0,1,70.74,53.29,1,1
compress,opus-4.5,org.apache.commons.compress.archivers.zip.UnsupportedZipFeatureException,93.55,94.94,5,34.56,66.46,1,4
compress,opus-4.5,org.apache.commons.compress.archivers.zip.X000A_NTFS,68.21,71.23,6,42.64,51.42,3,8
compress,opus-4.5,org.apache.commons.compress.archivers.zip.X0014_X509Certificates,86.16,82.04,16,56.5,79.52,6,11
compress,opus-4.5,org.apache.commons.compress.archivers.zip.X5455_ExtendedTimestamp,100.0,79.66,3,63.89,80.35,1,2
compress,opus-4.5,org.apache.commons.compress.archivers.zip.X7875_NewUnix,66.83,0.0,4,49.33,49.36,1,3
compress,opus-4.5,org.apache.commons.compress.archivers.zip.ZipArchiveEntry,87.01,62.9,12,40.52,49.03,9,21
compress,opus-4.5,org.apache.commons.compress.archivers.zip.ZipArchiveInputStream,58.39,50.22,13,62.98,80.31,6,10
compress,opus-4.5,org.apache.commons.compress.archivers.zip.ZipArchiveOutputStream,60.94,37.03,19,24.45,69.94,3,13
compress,opus-4.5,org.apache.commons.compress.archivers.zip.ZipEncodingHelper,43.82,29.59,113,15.9,42.78,24,148
compress,opus-4.5,org.apache.commons.compress.archivers.zip.ZipFile,19.48,2.08,82,20.2,61.34,23,115
compress,opus-4.5,org.apache.commons.compress.archivers.zip.ZipLong,50.55,0.0,33,62.05,77.01,14,22
compress,opus-4.5,org.apache.commons.compress.archivers.zip.ZipMethod,61.04,41.39,10,56.2,68.51,7,12
compress,opus-4.5,org.apache.commons.compress.archivers.zip.ZipShort,68.65,57.98,23,41.72,62.6,10,23
compress,opus-4.5,org.apache.commons.compress.archivers.zip.ZipSplitReadOnlySeekableByteChannel,87.14,78.06,7,49.61,64.19,6,13
compress,opus-4.5,org.apache.commons.compress.archivers.zip.ZipUtil,70.6,60.6,7,28.05,73.49,1,4
compress,opus-4.5,org.apache.commons.compress.changes.Change,89.62,62.55,2,73.21,51.34,1,1
compress,opus-4.5,org.apache.commons.compress.changes.ChangeSet,12.29,0.0,13,30.54,41.98,2,7
compress,opus-4.5,org.apache.commons.compress.changes.ChangeSetPerformer,97.88,86.19,5,44.64,84.53,2,5
compress,opus-4.5,org.apache.commons.compress.changes.ChangeSetResults,51.0,17.24,8,65.01,67.31,3,4
compress,opus-4.5,org.apache.commons.compress.compressors.CompressorException,100.0,78.7,3,51.37,66.91,2,4
compress,opus-4.5,org.apache.commons.compress.compressors.CompressorInputStream,87.15,69.92,4,70.93,60.91,4,6
compress,opus-4.5,org.apache.commons.compress.compressors.CompressorOutputStream,41.33,0.0,5,39.96,57.62,1,2
compress,opus-4.5,org.apache.commons.compress.compressors.CompressorStreamFactory,100.0,95.89,2,34.64,44.29,0,1
compress,opus-4.5,org.apache.commons.compress.compressors.bzip2.BZip2CompressorInputStream,82.78,84.79,23,29.3,72.11,5,16
compress,opus-4.5,org.apache.commons.compress.compressors.bzip2.BZip2CompressorOutputStream,77.44,63.2,53,54.28,68.92,48,88
compress,opus-4.5,org.apache.commons.compress.compressors.bzip2.BlockSort,61.88,28.88,13,39.56,57.0,4,10
compress,opus-4.5,org.apache.commons.compress.compressors.bzip2.CRC,72.94,74.26,17,77.94,50.23,14,18
compress,opus-4.5,org.apache.commons.compress.compressors.bzip2.Rand,56.03,46.49,3,76.02,61.63,2,3
compress,opus-4.5,org.apache.commons.compress.compressors.deflate.DeflateCompressorInputStream,99.45,83.66,15,35.19,78.65,4,10
compress,opus-4.5,org.apache.commons.compress.compressors.deflate.DeflateCompressorOutputStream,85.69,89.68,9,43.12,50.37,3,6
compress,opus-4.5,org.apache.commons.compress.compressors.deflate.DeflateParameters,100.0,90.38,3,67.09,54.85,3,5
compress,opus-4.5,org.apache.commons.compress.compressors.gzip.GzipCompressorInputStream,100.0,82.78,35,62.34,27.51,22,36
compress,opus-4.5,org.apache.commons.compress.compressors.gzip.GzipCompressorOutputStream,100.0,83.27,6,41.41,53.77,5,12
compress,opus-4.5,org.apache.commons.compress.compressors.gzip.GzipParameters,56.11,0.0,1,60.58,57.8,1,1
compress,opus-4.5,org.apache.commons.compress.compressors.lz4.BlockLZ4CompressorInputStream,100.0,91.27,3,50.04,70.49,1,2
compress,opus-4.5,org.apache.commons.compress.compressors.lz4.BlockLZ4CompressorOutputStream,100.0,97.29,5,58.95,75.22,5,9
compress,opus-4.5,org.apache.commons.compress.compressors.lz4.FramedLZ4CompressorInputStream,89.21,89.13,8,55.88,70.23,5,9
compress,opus-4.5,org.apache.commons.compress.compressors.lz4.FramedLZ4CompressorOutputStream,84.44,60.99,9,26.21,43.6,2,8
compress,opus-4.5,org.apache.commons.compress.compressors.lzma.LZMACompressorInputStream,25.16,20.47,5,39.89,69.41,2,6
compress,opus-4.5,org.apache.commons.compress.compressors.lzma.LZMACompressorOutputStream,58.52,61.31,17,19.42,58.3,4,22
compress,opus-4.5,org.apache.commons.compress.compressors.snappy.FramedSnappyCompressorInputStream,100.0,97.72,2,56.34,63.48,1,2
compress,opus-4.5,org.apache.commons.compress.compressors.snappy.FramedSnappyCompressorOutputStream,56.34,54.3,9,58.96,64.4,4,7
compress,opus-4.5,org.apache.commons.compress.compressors.snappy.PureJavaCrc32C,65.0,66.25,7,53.07,31.78,3,5
compress,opus-4.5,org.apache.commons.compress.compressors.snappy.SnappyCompressorInputStream,85.54,73.9,21,51.34,51.16,6,11
compress,opus-4.5,org.apache.commons.compress.compressors.xz.XZCompressorInputStream,85.52,66.84,51,41.43,59.57,18,43
compress,opus-4.5,org.apache.commons.compress.compressors.xz.XZCompressorOutputStream,100.0,85.81,4,41.83,63.21,3,7
compress,opus-4.5,org.apache.commons.compress.compressors.z.ZCompressorInputStream,56.71,44.23,18,38.08,83.08,13,34
compress,opus-4.5,org.apache.commons.compress.compressors.zstandard.ZstdCompressorInputStream,63.98,23.4,3,68.45,65.52,2,3
compress,opus-4.5,org.apache.commons.compress.compressors.zstandard.ZstdCompressorOutputStream,83.5,81.54,10,46.21,39.94,3,7
compress,opus-4.5,org.apache.commons.compress.parallel.InputStreamSupplier,80.49,86.93,2,72.13,71.26,2,3
compress,opus-4.5,org.apache.commons.compress.parallel.ScatterGatherBackingStore,65.65,47.33,7,57.31,49.96,5,9
compress,opus-4.5,org.apache.commons.compress.parallel.ScatterGatherBackingStoreSupplier,87.02,72.16,25,48.6,55.72,12,24
compress,opus-4.5,org.apache.commons.compress.utils.ArchiveUtils,72.2,53.78,16,52.66,59.84,11,20
compress,opus-4.5,org.apache.commons.compress.utils.BitInputStream,55.35,29.75,5,46.8,74.14,2,4
compress,opus-4.5,org.apache.commons.compress.utils.BoundedArchiveInputStream,100.0,100.0,9,36.32,48.54,4,11
compress,opus-4.5,org.apache.commons.compress.utils.BoundedInputStream,84.41,0.0,4,45.07,63.26,1,2
compress,opus-4.5,org.apache.commons.compress.utils.ByteUtils,100.0,0.0,17,45.7,75.27,5,12
compress,opus-4.5,org.apache.commons.compress.utils.Charsets,72.49,72.72,48,12.36,51.05,9,71
compress,opus-4.5,org.apache.commons.compress.utils.ChecksumCalculatingInputStream,80.05,0.0,6,61.94,68.58,2,3
compress,opus-4.5,org.apache.commons.compress.utils.ChecksumVerifyingInputStream,36.03,22.33,33,69.17,83.4,27,39
compress,opus-4.5,org.apache.commons.compress.utils.CountingInputStream,22.63,0.0,27,30.34,52.14,13,44
compress,opus-4.5,org.apache.commons.compress.utils.CountingOutputStream,79.17,73.1,48,54.18,64.96,22,40
compress,opus-4.5,org.apache.commons.compress.utils.FileNameUtils,93.41,90.29,105,31.34,55.19,44,139
compress,opus-4.5,org.apache.commons.compress.utils.FixedLengthBlockOutputStream,100.0,100.0,2,59.81,45.8,2,3
compress,opus-4.5,org.apache.commons.compress.utils.IOUtils,80.6,0.0,19,42.39,62.98,4,9
compress,opus-4.5,org.apache.commons.compress.utils.InputStreamStatistics,100.0,0.0,16,38.91,54.66,3,8
compress,opus-4.5,org.apache.commons.compress.utils.Iterators,78.04,68.03,35,50.89,47.87,24,47
compress,opus-4.5,org.apache.commons.compress.utils.Lists,93.73,80.8,13,55.31,61.3,5,9
compress,opus-4.5,org.apache.commons.compress.utils.MultiReadOnlySeekableByteChannel,80.02,95.42,7,60.3,61.65,5,8
compress,opus-4.5,org.apache.commons.compress.utils.OsgiUtils,53.22,14.21,30,49.16,54.75,24,49
compress,opus-4.5,org.apache.commons.compress.utils.SeekableInMemoryByteChannel,35.06,40.42,23,60.82,39.79,11,18
compress,opus-4.5,org.apache.commons.compress.utils.ServiceLoaderIterator,97.4,100.0,12,38.45,61.92,7,19
compress,opus-4.5,org.apache.commons.compress.utils.Sets,74.33,58.73,5,46.3,62.65,2,5
compress,gpt-5.1-codex-max,org.apache.commons.compress.archivers.ArchiveEntry,56.83,41.42,18,56.18,59.31,14,25
compress,gpt-5.1-codex-max,org.apache.commons.compress.archivers.ArchiveException,98.89,100.0,35,30.24,58.05,11,35
compress,gpt-5.1-codex-max,org.apache.commons.compress.archivers.ArchiveInputStream,0.0,0.0,13,42.55,50.82,4,9
compress,gpt-5.1-codex-max,org.apache.commons.compress.archivers.ArchiveOutputStream,45.53,36.33,7,15.45,60.76,2,10
compress,gpt-5.1-codex-max,org.apache.commons.compress.archivers.ArchiveStreamFactory,71.21,0.0,3,10.53,30.62,0,2
compress,gpt-5.1-codex-max,org.apache.commons.compress.archivers.Lister,71.49,72.81,12,17.41,55.55,2,12
compress,gpt-5.1-codex-max,org.apache.commons.compress.archivers.ar.ArArchiveEntry,77.91,67.84,6,37.64,63.65,2,5
compress,gpt-5.1-codex-max,org.apache.commons.compress.archivers.ar.ArArchiveInputStream,44.31,40.98,20,20.31,26.63,5,26
compress,gpt-5.1-codex-max,org.apache.commons.compress.archivers.ar.ArArchiveOutputStream,45.34,44.14,3,17.02,38.73,1,5
compress,gpt-5.1-codex-max,org.apache.commons.compress.archivers.arj.ArjArchiveEntry,69.52,0.0,1,13.62,54.14,0,1
compress,gpt-5.1-codex-max,org.apache.commons.compress.archivers.arj.ArjArchiveInputStream,52.19,37.27,11,27.36,29.75,2,8
compress,gpt-5.1-codex-max,org.apache.commons.compress.archivers.arj.LocalFileHeader,87.41,0.0,4,26.76,50.77,1,2
compress,gpt-5.1-codex-max,org.apache.commons.compress.archivers.arj.MainHeader,92.12,0.0,15,30.78,45.97,5,16
compress,gpt-5.1-codex-max,org.apache.commons.compress.archivers.cpio.CpioArchiveEntry,76.69,67.51,5,45.75,35.72,2,5
compress,gpt-5.1-codex-max,org.apache.commons.compress.archivers.cpio.CpioArchiveInputStream,13.98,0.0,5,41.24,35.77,2,4
compress,gpt-5.1-codex-max,org.apache.commons.compress.archivers.cpio.CpioArchiveOutputStream,96.69,91.66,10,9.92,64.28,1,9
compress,gpt-5.1-codex-max,org.apache.commons.compress.archivers.cpio.CpioConstants,98.89,100.0,3,21.13,38.76,0,1
compress,gpt-5.1-codex-max,org.apache.commons.compress.archivers.cpio.CpioUtil,41.9,26.61,4,48.6,66.14,2,4
compress,gpt-5.1-codex-max,org.apache.commons.compress.archivers.dump.DumpArchiveConstants,18.38,14.94,2,27.02,19.69,0,1
compress,gpt-5.1-codex-max,org.apache.commons.compress.archivers.dump.DumpArchiveEntry,98.17,100.0,3,43.89,41.93,1,3
compress,gpt-5.1-codex-max,org.apache.commons.compress.archivers.dump.DumpArchiveInputStream,80.24,71.02,9,25.05,60.14,1,5
compress,gpt-5.1-codex-max,org.apache.commons.compress.archivers.dump.DumpArchiveSummary,94.38,0.0,5,53.81,38.24,1,2
compress,gpt-5.1-codex-max,org.apache.commons.compress.archivers.dump.InvalidFormatException,93.84,100.0,2,19.73,40.28,0,1
compress,gpt-5.1-codex-max,org.apache.commons.compress.archivers.dump.ShortFileException,98.89,97.5,2,41.09,50.42,0,1
compress,gpt-5.1-codex-max,org.apache.commons.compress.archivers.dump.TapeInputStream,22.45,35.94,14,8.61,69.95,1,16
compress,gpt-5.1-codex-max,org.apache.commons.compress.archivers.dump.UnrecognizedFormatException,58.63,0.0,1,31.17,48.75,0,1
compress,gpt-5.1-codex-max,org.apache.commons.compress.archivers.jar.JarArchiveEntry,51.32,33.03,2,23.91,53.45,0,2
compress,gpt-5.1-codex-max,org.apache.commons.compress.archivers.jar.JarArchiveInputStream,75.71,0.0,12,48.9,36.39,3,7
compress,gpt-5.1-codex-max,org.apache.commons.compress.archivers.jar.JarArchiveOutputStream,52.69,50.82,2,54.88,56.14,1,2
compress,gpt-5.1-codex-max,org.apache.commons.compress.archivers.sevenz.AES256SHA256Decoder,26.47,11.56,18,10.96,41.4,2,16
compress,gpt-5.1-codex-max,org.apache.commons.compress.archivers.sevenz.Archive,60.79,52.72,20,30.84,53.98,10,31
compress,gpt-5.1-codex-max,org.apache.commons.compress.archivers.sevenz.BindPair,77.72,82.91,10,32.33,46.08,2,7
compress,gpt-5.1-codex-max,org.apache.commons.compress.archivers.sevenz.Coder,57.55,62.6,2,38.19,44.55,0,1
compress,gpt-5.1-codex-max,org.apache.commons.compress.archivers.sevenz.Coders,11.17,12.11,53,14.92,51.36,7,45
compress,gpt-5.1-codex-max,org.apache.commons.compress.archivers.sevenz.DeltaDecoder,56.26,56.15,9,30.78,55.82,1,4
compress,gpt-5.1-codex-max,org.apache.commons.compress.archivers.sevenz.Folder,98.89,100.0,11,10.99,44.39,2,17
compress,gpt-5.1-codex-max,org.apache.commons.compress.archivers.sevenz.LZMA2Decoder,98.89,78.89,31,13.54,36.91,4,31
compress,gpt-5.1-codex-max,org.apache.commons.compress.archivers.sevenz.SevenZArchiveEntry,43.11,31.5,17,15.95,43.45,4,27
compress,gpt-5.1-codex-max,org.apache.commons.compress.archivers.sevenz.SevenZFile,75.17,80.64,11,20.09,48.28,4,19
compress,gpt-5.1-codex-max,org.apache.commons.compress.archivers.sevenz.SevenZOutputFile,51.17,22.98,16,3.47,62.13,1,27
compress,gpt-5.1-codex-max,org.apache.commons.compress.archivers.sevenz.SevenZMethod,21.39,20.92,9,62.2,37.22,6,10
compress,gpt-5.1-codex-max,org.apache.commons.compress.archivers.sevenz.SevenZMethodConfiguration,34.87,34.21,13,34.34,44.64,5,14
compress,gpt-5.1-codex-max,org.apache.commons.compress.archivers.sevenz.StartHeader,96.26,88.25,5,40.19,34.76,2,5
compress,gpt-5.1-codex-max,org.apache.commons.compress.archivers.sevenz.StreamMap,49.81,50.48,2,13.17,42.18,0,2
compress,gpt-5.1-codex-max,org.apache.commons.compress.archivers.tar.TarArchiveEntry,0.0,7.21,12,57.91,29.43,8,14
compress,gpt-5.1-codex-max,org.apache.commons.compress.archivers.tar.TarArchiveInputStream,73.79,63.06,24,40.06,48.52,8,20
compress,gpt-5.1-codex-max,org.apache.commons.compress.archivers.tar.TarArchiveOutputStream,61.75,47.47,58,17.15,35.36,9,53
compress,gpt-5.1-codex-max,org.apache.commons.compress.archivers.tar.TarConstants,31.78,33.17,7,5.51,47.34,0,4
compress,gpt-5.1-codex-max,org.apache.commons.compress.archivers.tar.TarUtils,82.3,77.63,18,31.24,48.21,8,27
compress,gpt-5.1-codex-max,org.apache.commons.compress.archivers.zip.AsiExtraField,47.49,46.34,10,29.67,58.75,4,15
compress,gpt-5.1-codex-max,org.apache.commons.compress.archivers.zip.BinaryTree,69.41,66.9,19,30.46,41.58,4,13
compress,gpt-5.1-codex-max,org.apache.commons.compress.archivers.zip.BitStream,31.78,0.0,2,19.93,57.0,0,2
compress,gpt-5.1-codex-max,org.apache.commons.compress.archivers.zip.CircularBuffer,18.75,11.66,5,15.5,84.09,0,3
compress,gpt-5.1-codex-max,org.apache.commons.compress.archivers.zip.ExplodingInputStream,30.4,16.26,4,33.72,35.43,2,5
compress,gpt-5.1-codex-max,org.apache.commons.compress.archivers.zip.ExtraFieldUtils,98.89,99.75,4,43.38,52.53,3,6
compress,gpt-5.1-codex-max,org.apache.commons.compress.archivers.zip.GeneralPurposeBit,32.74,0.0,7,42.26,60.4,3,7
compress,gpt-5.1-codex-max,org.apache.commons.compress.archivers.zip.JarMarker,12.83,18.54,21,32.71,36.79,13,39
compress,gpt-5.1-codex-max,org.apache.commons.compress.archivers.zip.ParallelScatterZipCreator,51.01,34.81,27,47.4,55.27,20,42
compress,gpt-5.1-codex-max,org.apache.commons.compress.archivers.zip.ScatterZipOutputStream,51.86,42.72,7,14.13,54.93,1,7
compress,gpt-5.1-codex-max,org.apache.commons.compress.archivers.zip.StreamCompressor,65.45,78.31,5,34.72,41.07,2,6
compress,gpt-5.1-codex-max,org.apache.commons.compress.archivers.zip.UnixStat,16.9,0.0,4,17.86,59.0,1,3
compress,gpt-5.1-codex-max,org.apache.commons.compress.archivers.zip.UnrecognizedExtraField,31.92,0.0,3,42.27,56.17,1,3
compress,gpt-5.1-codex-max,org.apache.commons.compress.archivers.zip.UnshrinkingInputStream,98.89,81.95,2,21.85,51.48,0,2
compress,gpt-5.1-codex-max,org.apache.commons.compress.archivers.zip.UnsupportedZipFeatureException,93.92,0.0,2,30.64,54.78,0,1
compress,gpt-5.1-codex-max,org.apache.commons.compress.archivers.zip.X000A_NTFS,22.83,10.33,5,12.8,56.36,1,5
compress,gpt-5.1-codex-max,org.apache.commons.compress.archivers.zip.X0014_X509Certificates,26.87,22.46,12,21.84,57.08,4,18
compress,gpt-5.1-codex-max,org.apache.commons.compress.archivers.zip.X5455_ExtendedTimestamp,98.89,83.36,3,47.1,46.08,2,5
compress,gpt-5.1-codex-max,org.apache.commons.compress.archivers.zip.X7875_NewUnix,30.29,44.61,7,58.58,27.95,4,6
compress,gpt-5.1-codex-max,org.apache.commons.compress.archivers.zip.ZipArchiveEntry,50.62,28.08,17,34.49,37.14,5,14
compress,gpt-5.1-codex-max,org.apache.commons.compress.archivers.zip.ZipArchiveInputStream,80.25,79.17,15,22.53,42.17,5,20
compress,gpt-5.1-codex-max,org.apache.commons.compress.archivers.zip.ZipArchiveOutputStream,91.96,0.0,11,38.15,65.32,4,11
compress,gpt-5.1-codex-max,org.apache.commons.compress.archivers.zip.ZipEncodingHelper,61.46,54.83,58,18.5,36.87,10,54
compress,gpt-5.1-codex-max,org.apache.commons.compress.archivers.zip.ZipFile,77.2,66.5,48,37.67,38.25,15,41
compress,gpt-5.1-codex-max,org.apache.commons.compress.archivers.zip.ZipLong,45.83,25.44,128,20.69,41.68,19,90
compress,gpt-5.1-codex-max,org.apache.commons.compress.archivers.zip.ZipMethod,21.64,8.83,6,46.77,54.28,1,3
compress,gpt-5.1-codex-max,org.apache.commons.compress.archivers.zip.ZipShort,40.76,37.61,16,22.18,40.79,4,16
compress,gpt-5.1-codex-max,org.apache.commons.compress.archivers.zip.ZipSplitReadOnlySeekableByteChannel,40.82,0.0,3,45.8,55.56,1,2
compress,gpt-5.1-codex-max,org.apache.commons.compress.archivers.zip.ZipUtil,27.86,24.89,6,4.54,51.27,0,4
compress,gpt-5.1-codex-max,org.apache.commons.compress.changes.Change,69.98,0.0,3,16.29,41.27,0,2
compress,gpt-5.1-codex-max,org.apache.commons.compress.changes.ChangeSet,41.56,30.73,58,0.0,49.5,0,45
compress,gpt-5.1-codex-max,org.apache.commons.compress.changes.ChangeSetPerformer,79.1,55.16,11,10.57,67.34,1,13
compress,gpt-5.1-codex-max,org.apache.commons.compress.changes.ChangeSetResults,32.28,0.0,4,41.96,46.65,2,4
compress,gpt-5.1-codex-max,org.apache.commons.compress.compressors.CompressorException,70.77,86.64,4,30.22,50.44,1,3
compress,gpt-5.1-codex-max,org.apache.commons.compress.compressors.CompressorInputStream,42.98,25.41,5,25.77,50.99,2,7
compress,gpt-5.1-codex-max,org.apache.commons.compress.compressors.CompressorOutputStream,79.54,84.19,9,0.0,36.82,0,7
compress,gpt-5.1-codex-max,org.apache.commons.compress.compressors.CompressorStreamFactory,53.51,34.28,3,21.16,53.55,1,4
compress,gpt-5.1-codex-max,org.apache.commons.compress.compressors.bzip2.BZip2CompressorInputStream,60.09,60.86,21,31.4,68.95,9,29
compress,gpt-5.1-codex-max,org.apache.commons.compress.compressors.bzip2.BZip2CompressorOutputStream,84.48,89.42,51,53.84,41.34,15,27
compress,gpt-5.1-codex-max,org.apache.commons.compress.compressors.bzip2.BlockSort,52.99,0.0,5,49.38,30.21,1,2
compress,gpt-5.1-codex-max,org.apache.commons.compress.compressors.bzip2.CRC,68.73,54.38,23,14.19,29.29,5,37
compress,gpt-5.1-codex-max,org.apache.commons.compress.compressors.bzip2.Rand,58.33,71.88,2,29.86,48.59,1,2
compress,gpt-5.1-codex-max,org.apache.commons.compress.compressors.deflate.DeflateCompressorInputStream,15.5,0.0,6,29.48,51.28,1,3
compress,gpt-5.1-codex-max,org.apache.commons.compress.compressors.deflate.DeflateCompressorOutputStream,29.56,37.71,7,63.9,49.38,5,8
compress,gpt-5.1-codex-max,org.apache.commons.compress.compressors.deflate.DeflateParameters,98.89,92.52,2,12.2,33.7,0,2
compress,gpt-5.1-codex-max,org.apache.commons.compress.compressors.gzip.GzipCompressorInputStream,73.79,59.79,24,32.79,28.71,9,28
compress,gpt-5.1-codex-max,org.apache.commons.compress.compressors.gzip.GzipCompressorOutputStream,69.29,75.05,7,22.89,38.53,1,5
compress,gpt-5.1-codex-max,org.apache.commons.compress.compressors.gzip.GzipParameters,58.6,0.0,1,18.65,43.54,0,1
compress,gpt-5.1-codex-max,org.apache.commons.compress.compressors.lz4.BlockLZ4CompressorInputStream,60.12,48.8,2,50.96,43.49,1,2
compress,gpt-5.1-codex-max,org.apache.commons.compress.compressors.lz4.BlockLZ4CompressorOutputStream,90.67,66.02,4,9.65,70.49,0,3
compress,gpt-5.1-codex-max,org.apache.commons.compress.compressors.lz4.FramedLZ4CompressorInputStream,44.69,63.18,9,15.25,38.88,2,13
compress,gpt-5.1-codex-max,org.apache.commons.compress.compressors.lz4.FramedLZ4CompressorOutputStream,38.57,0.0,4,15.34,56.69,0,3
compress,gpt-5.1-codex-max,org.apache.commons.compress.compressors.lzma.LZMACompressorInputStream,21.39,10.0,3,38.9,64.44,1,3
compress,gpt-5.1-codex-max,org.apache.commons.compress.compressors.lzma.LZMACompressorOutputStream,37.94,42.69,12,46.54,37.04,9,20
compress,gpt-5.1-codex-max,org.apache.commons.compress.compressors.snappy.FramedSnappyCompressorInputStream,37.15,34.18,2,12.92,53.1,0,2
compress,gpt-5.1-codex-max,org.apache.commons.compress.compressors.snappy.FramedSnappyCompressorOutputStream,89.42,84.58,12,23.98,33.0,2,9
compress,gpt-5.1-codex-max,org.apache.commons.compress.compressors.snappy.PureJavaCrc32C,84.47,66.67,2,48.99,42.59,0,1
compress,gpt-5.1-codex-max,org.apache.commons.compress.compressors.snappy.SnappyCompressorInputStream,47.81,31.99,11,19.44,56.16,2,12
compress,gpt-5.1-codex-max,org.apache.commons.compress.compressors.xz.XZCompressorInputStream,94.3,50.59,28,27.17,55.47,12,45
compress,gpt-5.1-codex-max,org.apache.commons.compress.compressors.xz.XZCompressorOutputStream,70.16,0.0,3,18.67,42.06,0,1
compress,gpt-5.1-codex-max,org.apache.commons.compress.compressors.z.ZCompressorInputStream,38.01,30.71,13,43.51,43.56,7,17
compress,gpt-5.1-codex-max,org.apache.commons.compress.compressors.zstandard.ZstdCompressorInputStream,58.2,0.0,2,4.35,42.84,0,1
compress,gpt-5.1-codex-max,org.apache.commons.compress.compressors.zstandard.ZstdCompressorOutputStream,88.61,75.0,16,0.76,55.82,0,9
compress,gpt-5.1-codex-max,org.apache.commons.compress.parallel.InputStreamSupplier,98.89,91.74,3,18.72,46.86,0,2
compress,gpt-5.1-codex-max,org.apache.commons.compress.parallel.ScatterGatherBackingStore,26.65,18.03,7,17.84,32.61,1,8
compress,gpt-5.1-codex-max,org.apache.commons.compress.parallel.ScatterGatherBackingStoreSupplier,45.41,17.26,18,26.4,43.69,3,11
compress,gpt-5.1-codex-max,org.apache.commons.compress.utils.ArchiveUtils,98.7,77.53,22,19.24,46.89,6,31
compress,gpt-5.1-codex-max,org.apache.commons.compress.utils.BitInputStream,0.0,0.0,11,0.0,51.52,0,14
compress,gpt-5.1-codex-max,org.apache.commons.compress.utils.BoundedArchiveInputStream,16.53,38.55,6,40.62,68.89,2,6
compress,gpt-5.1-codex-max,org.apache.commons.compress.utils.BoundedInputStream,47.37,55.4,10,27.92,43.69,3,12
compress,gpt-5.1-codex-max,org.apache.commons.compress.utils.ByteUtils,38.84,38.48,36,34.24,53.61,13,37
compress,gpt-5.1-codex-max,org.apache.commons.compress.utils.Charsets,73.81,56.23,42,19.91,49.15,11,55
compress,gpt-5.1-codex-max,org.apache.commons.compress.utils.ChecksumCalculatingInputStream,52.76,44.75,8,33.61,60.17,4,13
compress,gpt-5.1-codex-max,org.apache.commons.compress.utils.ChecksumVerifyingInputStream,66.45,0.0,26,23.66,29.81,2,10
compress,gpt-5.1-codex-max,org.apache.commons.compress.utils.CountingInputStream,8.48,2.6,30,0.78,20.24,0,29
compress,gpt-5.1-codex-max,org.apache.commons.compress.utils.CountingOutputStream,47.2,35.43,34,19.83,51.51,10,48
compress,gpt-5.1-codex-max,org.apache.commons.compress.utils.FileNameUtils,33.65,39.7,106,0.0,48.92,0,119
compress,gpt-5.1-codex-max,org.apache.commons.compress.utils.FixedLengthBlockOutputStream,86.01,67.51,2,36.13,38.87,0,1
compress,gpt-5.1-codex-max,org.apache.commons.compress.utils.IOUtils,42.21,0.0,24,35.76,43.77,8,21
compress,gpt-5.1-codex-max,org.apache.commons.compress.utils.InputStreamStatistics,44.04,13.72,21,15.16,34.81,3,20
compress,gpt-5.1-codex-max,org.apache.commons.compress.utils.Iterators,98.23,96.33,26,42.19,54.16,19,46
compress,gpt-5.1-codex-max,org.apache.commons.compress.utils.Lists,95.44,82.23,16,17.22,48.73,5,27
compress,gpt-5.1-codex-max,org.apache.commons.compress.utils.MultiReadOnlySeekableByteChannel,51.53,45.6,6,66.58,34.7,3,5
compress,gpt-5.1-codex-max,org.apache.commons.compress.utils.OsgiUtils,63.17,0.0,21,46.39,52.91,7,15
compress,gpt-5.1-codex-max,org.apache.commons.compress.utils.SeekableInMemoryByteChannel,66.55,72.89,44,30.79,51.89,24,78
compress,gpt-5.1-codex-max,org.apache.commons.compress.utils.ServiceLoaderIterator,23.83,18.57,10,36.81,45.01,5,14
compress,gpt-5.1-codex-max,org.apache.commons.compress.utils.Sets,77.59,71.51,5,32.7,59.93,2,7
compress,sonnet-4.5,org.apache.commons.compress.archivers.ArchiveEntry,47.96,56.29,21,78.14,58.06,13,17
compress,sonnet-4.5,org.apache.commons.compress.archivers.ArchiveException,96.93,100.0,47,72.92,62.26,59,81
compress,sonnet-4.5,org.apache.commons.compress.archivers.ArchiveInputStream,96.19,100.0,10,32.12,79.55,3,10
compress,sonnet-4.5,org.apache.commons.compress.archivers.ArchiveOutputStream,31.78,40.38,6,34.83,65.75,1,4
compress,sonnet-4.5,org.apache.commons.compress.archivers.ArchiveStreamFactory,25.61,0.0,4,48.42,60.74,2,4
compress,sonnet-4.5,org.apache.commons.compress.archivers.Lister,79.18,83.06,5,33.89,58.14,2,7
compress,sonnet-4.5,org.apache.commons.compress.archivers.ar.ArArchiveEntry,95.23,0.0,2,56.0,66.05,1,1
compress,sonnet-4.5,org.apache.commons.compress.archivers.ar.ArArchiveInputStream,96.93,90.37,20,36.18,51.8,9,24
compress,sonnet-4.5,org.apache.commons.compress.archivers.ar.ArArchiveOutputStream,83.21,65.43,2,77.38,58.28,1,1
compress,sonnet-4.5,org.apache.commons.compress.archivers.arj.ArjArchiveEntry,96.93,99.15,2,35.77,79.22,1,2
compress,sonnet-4.5,org.apache.commons.compress.archivers.arj.ArjArchiveInputStream,69.39,90.94,8,17.02,59.31,2,14
compress,sonnet-4.5,org.apache.commons.compress.archivers.arj.LocalFileHeader,30.88,34.31,24,27.54,58.48,12,44
compress,sonnet-4.5,org.apache.commons.compress.archivers.arj.MainHeader,60.35,77.21,52,51.45,70.51,49,95
compress,sonnet-4.5,org.apache.commons.compress.archivers.cpio.CpioArchiveEntry,74.51,0.0,4,37.97,79.4,1,3
compress,sonnet-4.5,org.apache.commons.compress.archivers.cpio.CpioArchiveInputStream,65.61,65.79,7,42.04,62.61,5,11
compress,sonnet-4.5,org.apache.commons.compress.archivers.cpio.CpioArchiveOutputStream,81.19,61.61,14,58.77,71.58,11,18
compress,sonnet-4.5,org.apache.commons.compress.archivers.cpio.CpioConstants,90.41,99.85,2,80.22,83.37,1,1
compress,sonnet-4.5,org.apache.commons.compress.archivers.cpio.CpioUtil,96.93,100.0,5,82.35,61.03,3,4
compress,sonnet-4.5,org.apache.commons.compress.archivers.dump.DumpArchiveConstants,96.93,71.43,2,82.25,65.62,2,3
compress,sonnet-4.5,org.apache.commons.compress.archivers.dump.DumpArchiveEntry,68.92,76.67,3,96.17,51.83,3,3
compress,sonnet-4.5,org.apache.commons.compress.archivers.dump.DumpArchiveInputStream,63.6,0.0,7,77.1,60.05,4,5
compress,sonnet-4.5,org.apache.commons.compress.archivers.dump.DumpArchiveSummary,68.43,67.13,6,76.53,67.48,4,5
compress,sonnet-4.5,org.apache.commons.compress.archivers.dump.InvalidFormatException,80.49,0.0,1,90.79,61.52,1,1
compress,sonnet-4.5,org.apache.commons.compress.archivers.dump.ShortFileException,96.93,100.0,2,67.64,86.3,2,3
compress,sonnet-4.5,org.apache.commons.compress.archivers.dump.TapeInputStream,58.12,27.2,14,50.87,60.35,7,13
compress,sonnet-4.5,org.apache.commons.compress.archivers.dump.UnrecognizedFormatException,88.1,95.59,2,60.53,75.72,2,3
compress,sonnet-4.5,org.apache.commons.compress.archivers.jar.JarArchiveEntry,72.09,78.55,4,39.42,59.63,3,7
compress,sonnet-4.5,org.apache.commons.compress.archivers.jar.JarArchiveInputStream,87.31,71.85,11,49.58,68.26,7,15
compress,sonnet-4.5,org.apache.commons.compress.archivers.jar.JarArchiveOutputStream,66.35,69.43,4,47.02,70.68,1,2
compress,sonnet-4.5,org.apache.commons.compress.archivers.sevenz.AES256SHA256Decoder,89.47,96.91,14,41.0,73.21,7,18
compress,sonnet-4.5,org.apache.commons.compress.archivers.sevenz.Archive,37.66,18.74,14,23.4,67.12,5,22
compress,sonnet-4.5,org.apache.commons.compress.archivers.sevenz.BindPair,96.93,78.79,4,64.66,64.09,3,5
compress,sonnet-4.5,org.apache.commons.compress.archivers.sevenz.Coder,66.04,0.0,2,70.2,42.19,1,1
compress,sonnet-4.5,org.apache.commons.compress.archivers.sevenz.Coders,86.46,99.64,45,22.84,77.18,7,31
compress,sonnet-4.5,org.apache.commons.compress.archivers.sevenz.DeltaDecoder,49.96,0.0,4,41.42,48.81,1,2
compress,sonnet-4.5,org.apache.commons.compress.archivers.sevenz.Folder,22.69,0.0,11,39.56,79.85,5,13
compress,sonnet-4.5,org.apache.commons.compress.archivers.sevenz.LZMA2Decoder,83.35,65.6,42,46.47,57.96,28,60
compress,sonnet-4.5,org.apache.commons.compress.archivers.sevenz.SevenZArchiveEntry,73.05,66.3,24,42.1,54.9,8,18
compress,sonnet-4.5,org.apache.commons.compress.archivers.sevenz.SevenZFile,76.68,78.49,7,24.94,72.31,2,8
compress,sonnet-4.5,org.apache.commons.compress.archivers.sevenz.SevenZOutputFile,68.07,0.0,8,40.06,68.27,3,8
compress,sonnet-4.5,org.apache.commons.compress.archivers.sevenz.SevenZMethod,31.95,29.12,6,28.67,55.57,2,7
compress,sonnet-4.5,org.apache.commons.compress.archivers.sevenz.SevenZMethodConfiguration,72.37,68.59,15,26.27,51.38,3,12
compress,sonnet-4.5,org.apache.commons.compress.archivers.sevenz.StartHeader,90.44,100.0,6,31.26,55.09,3,8
compress,sonnet-4.5,org.apache.commons.compress.archivers.sevenz.StreamMap,96.93,100.0,2,65.89,62.91,1,1
compress,sonnet-4.5,org.apache.commons.compress.archivers.tar.TarArchiveEntry,54.21,73.21,20,36.68,54.87,6,16
compress,sonnet-4.5,org.apache.commons.compress.archivers.tar.TarArchiveInputStream,81.06,83.41,30,59.7,61.81,14,24
compress,sonnet-4.5,org.apache.commons.compress.archivers.tar.TarArchiveOutputStream,76.68,66.45,53,37.47,75.64,18,48
compress,sonnet-4.5,org.apache.commons.compress.archivers.tar.TarConstants,19.28,5.45,19,46.07,73.0,13,28
compress,sonnet-4.5,org.apache.commons.compress.archivers.tar.TarUtils,42.29,48.49,13,48.75,75.59,8,17
compress,sonnet-4.5,org.apache.commons.compress.archivers.zip.AsiExtraField,74.0,63.78,4,50.13,52.3,3,6
compress,sonnet-4.5,org.apache.commons.compress.archivers.zip.BinaryTree,72.5,0.0,15,50.14,67.51,5,9
compress,sonnet-4.5,org.apache.commons.compress.archivers.zip.BitStream,4.5,4.46,4,43.72,60.46,1,3
compress,sonnet-4.5,org.apache.commons.compress.archivers.zip.CircularBuffer,80.07,76.37,5,58.78,77.62,4,6
compress,sonnet-4.5,org.apache.commons.compress.archivers.zip.ExplodingInputStream,53.61,0.0,1,65.35,50.16,1,1
compress,sonnet-4.5,org.apache.commons.compress.archivers.zip.ExtraFieldUtils,96.93,100.0,4,69.64,69.13,3,4
compress,sonnet-4.5,org.apache.commons.compress.archivers.zip.GeneralPurposeBit,72.82,72.64,13,58.08,60.77,6,11
compress,sonnet-4.5,org.apache.commons.compress.archivers.zip.JarMarker,66.62,35.11,16,32.12,49.36,6,20
compress,sonnet-4.5,org.apache.commons.compress.archivers.zip.ParallelScatterZipCreator,55.59,57.48,42,57.67,65.31,23,40
compress,sonnet-4.5,org.apache.commons.compress.archivers.zip.ScatterZipOutputStream,45.81,45.64,7,55.84,55.57,3,6
compress,sonnet-4.5,org.apache.commons.compress.archivers.zip.StreamCompressor,73.08,69.14,12,55.21,72.64,9,17
compress,sonnet-4.5,org.apache.commons.compress.archivers.zip.UnixStat,52.03,47.7,4,68.5,73.27,2,3
compress,sonnet-4.5,org.apache.commons.compress.archivers.zip.UnrecognizedExtraField,90.69,91.27,5,12.7,40.75,1,6
compress,sonnet-4.5,org.apache.commons.compress.archivers.zip.UnshrinkingInputStream,96.93,70.93,3,24.28,54.22,1,4
compress,sonnet-4.5,org.apache.commons.compress.archivers.zip.UnsupportedZipFeatureException,95.03,92.86,2,14.16,89.47,0,1
compress,sonnet-4.5,org.apache.commons.compress.archivers.zip.X000A_NTFS,51.25,56.71,7,52.99,54.68,4,7
compress,sonnet-4.5,org.apache.commons.compress.archivers.zip.X0014_X509Certificates,88.94,0.0,6,43.74,71.75,1,3
compress,sonnet-4.5,org.apache.commons.compress.archivers.zip.X5455_ExtendedTimestamp,89.24,84.55,4,52.35,82.34,2,3
compress,sonnet-4.5,org.apache.commons.compress.archivers.zip.X7875_NewUnix,85.83,100.0,7,35.28,75.78,2,7
compress,sonnet-4.5,org.apache.commons.compress.archivers.zip.ZipArchiveEntry,7.44,0.0,22,32.79,66.12,13,41
compress,sonnet-4.5,org.apache.commons.compress.archivers.zip.ZipArchiveInputStream,78.15,64.87,10,87.04,83.31,13,15
compress,sonnet-4.5,org.apache.commons.compress.archivers.zip.ZipArchiveOutputStream,74.38,55.69,26,48.13,48.89,15,31
compress,sonnet-4.5,org.apache.commons.compress.archivers.zip.ZipEncodingHelper,86.25,100.0,95,11.93,70.67,16,134
compress,sonnet-4.5,org.apache.commons.compress.archivers.zip.ZipFile,71.22,91.27,67,51.43,66.28,28,55
compress,sonnet-4.5,org.apache.commons.compress.archivers.zip.ZipLong,43.02,51.89,68,48.94,82.92,38,77
compress,sonnet-4.5,org.apache.commons.compress.archivers.zip.ZipMethod,18.22,16.73,5,42.23,84.05,2,4
compress,sonnet-4.5,org.apache.commons.compress.archivers.zip.ZipShort,88.68,0.0,13,39.45,62.73,2,5
compress,sonnet-4.5,org.apache.commons.compress.archivers.zip.ZipSplitReadOnlySeekableByteChannel,43.29,38.81,15,85.76,56.07,18,21
compress,sonnet-4.5,org.apache.commons.compress.archivers.zip.ZipUtil,41.99,20.37,4,54.03,51.47,1,2
compress,sonnet-4.5,org.apache.commons.compress.changes.Change,96.49,84.97,2,61.83,49.56,1,1
compress,sonnet-4.5,org.apache.commons.compress.changes.ChangeSet,47.1,55.53,42,29.58,63.01,10,34
compress,sonnet-4.5,org.apache.commons.compress.changes.ChangeSetPerformer,52.18,65.49,6,79.38,51.01,4,5
compress,sonnet-4.5,org.apache.commons.compress.changes.ChangeSetResults,85.11,0.0,5,49.88,42.32,2,4
compress,sonnet-4.5,org.apache.commons.compress.compressors.CompressorException,49.09,0.0,3,22.18,68.38,0,2
compress,sonnet-4.5,org.apache.commons.compress.compressors.CompressorInputStream,71.53,61.66,3,53.14,79.33,2,4
compress,sonnet-4.5,org.apache.commons.compress.compressors.CompressorOutputStream,84.86,52.9,12,48.22,65.11,10,21
compress,sonnet-4.5,org.apache.commons.compress.compressors.CompressorStreamFactory,70.32,55.87,2,55.3,62.79,1,1
compress,sonnet-4.5,org.apache.commons.compress.compressors.bzip2.BZip2CompressorInputStream,74.73,56.42,28,66.32,66.91,25,38
compress,sonnet-4.5,org.apache.commons.compress.compressors.bzip2.BZip2CompressorOutputStream,79.31,91.74,46,27.41,30.76,19,69
compress,sonnet-4.5,org.apache.commons.compress.compressors.bzip2.BlockSort,93.96,87.93,10,38.4,56.11,3,8
compress,sonnet-4.5,org.apache.commons.compress.compressors.bzip2.CRC,90.11,77.17,31,62.86,52.93,12,19
compress,sonnet-4.5,org.apache.commons.compress.compressors.bzip2.Rand,58.28,0.0,3,66.13,73.08,1,1
compress,sonnet-4.5,org.apache.commons.compress.compressors.deflate.DeflateCompressorInputStream,82.47,56.14,20,43.05,63.83,15,35
compress,sonnet-4.5,org.apache.commons.compress.compressors.deflate.DeflateCompressorOutputStream,91.18,83.09,16,56.68,51.95,12,21
compress,sonnet-4.5,org.apache.commons.compress.compressors.deflate.DeflateParameters,96.93,99.63,2,61.8,56.3,2,3
compress,sonnet-4.5,org.apache.commons.compress.compressors.gzip.GzipCompressorInputStream,56.57,62.79,24,61.66,45.92,22,36
compress,sonnet-4.5,org.apache.commons.compress.compressors.gzip.GzipCompressorOutputStream,86.94,84.63,2,43.13,54.4,0,1
compress,sonnet-4.5,org.apache.commons.compress.compressors.gzip.GzipParameters,46.93,0.0,2,69.1,49.51,1,1
compress,sonnet-4.5,org.apache.commons.compress.compressors.lz4.BlockLZ4CompressorInputStream,55.62,60.0,3,25.75,54.52,0,1
compress,sonnet-4.5,org.apache.commons.compress.compressors.lz4.BlockLZ4CompressorOutputStream,93.27,92.74,2,69.99,71.07,2,3
compress,sonnet-4.5,org.apache.commons.compress.compressors.lz4.FramedLZ4CompressorInputStream,80.77,63.79,8,62.76,42.59,8,12
compress,sonnet-4.5,org.apache.commons.compress.compressors.lz4.FramedLZ4CompressorOutputStream,0.0,0.0,9,38.27,52.46,2,5
compress,sonnet-4.5,org.apache.commons.compress.compressors.lzma.LZMACompressorInputStream,80.76,71.97,7,46.58,51.98,3,7
compress,sonnet-4.5,org.apache.commons.compress.compressors.lzma.LZMACompressorOutputStream,79.41,84.16,14,37.93,62.89,8,20
compress,sonnet-4.5,org.apache.commons.compress.compressors.snappy.FramedSnappyCompressorInputStream,61.3,0.0,1,42.92,71.79,0,1
compress,sonnet-4.5,org.apache.commons.compress.compressors.snappy.FramedSnappyCompressorOutputStream,96.41,93.73,14,40.4,75.24,6,15
compress,sonnet-4.5,org.apache.commons.compress.compressors.snappy.PureJavaCrc32C,42.8,35.71,3,18.71,47.69,1,4
compress,sonnet-4.5,org.apache.commons.compress.compressors.snappy.SnappyCompressorInputStream,71.16,77.56,13,28.51,70.99,2,7
compress,sonnet-4.5,org.apache.commons.compress.compressors.xz.XZCompressorInputStream,40.2,41.75,20,49.16,60.81,6,13
compress,sonnet-4.5,org.apache.commons.compress.compressors.xz.XZCompressorOutputStream,74.96,93.56,4,38.25,66.52,2,5
compress,sonnet-4.5,org.apache.commons.compress.compressors.z.ZCompressorInputStream,33.66,23.88,8,68.99,62.94,7,10
compress,sonnet-4.5,org.apache.commons.compress.compressors.zstandard.ZstdCompressorInputStream,66.36,60.96,6,62.46,79.22,7,11
compress,sonnet-4.5,org.apache.commons.compress.compressors.zstandard.ZstdCompressorOutputStream,41.12,56.7,15,15.45,58.77,4,26
compress,sonnet-4.5,org.apache.commons.compress.parallel.InputStreamSupplier,84.61,81.55,2,86.75,64.44,2,2
compress,sonnet-4.5,org.apache.commons.compress.parallel.ScatterGatherBackingStore,39.78,21.54,15,54.83,70.03,6,11
compress,sonnet-4.5,org.apache.commons.compress.parallel.ScatterGatherBackingStoreSupplier,28.58,35.22,7,57.24,48.45,3,6
compress,sonnet-4.5,org.apache.commons.compress.utils.ArchiveUtils,90.74,83.38,18,40.43,51.72,7,17
compress,sonnet-4.5,org.apache.commons.compress.utils.BitInputStream,69.24,80.93,7,44.4,53.06,4,10
compress,sonnet-4.5,org.apache.commons.compress.utils.BoundedArchiveInputStream,74.07,55.9,7,46.23,66.07,2,4
compress,sonnet-4.5,org.apache.commons.compress.utils.BoundedInputStream,90.13,70.29,8,44.04,71.23,2,4
compress,sonnet-4.5,org.apache.commons.compress.utils.ByteUtils,96.93,73.23,18,68.41,59.54,20,29
compress,sonnet-4.5,org.apache.commons.compress.utils.Charsets,75.86,64.67,34,17.45,64.95,3,19
compress,sonnet-4.5,org.apache.commons.compress.utils.ChecksumCalculatingInputStream,67.06,63.77,9,46.89,59.99,4,8
compress,sonnet-4.5,org.apache.commons.compress.utils.ChecksumVerifyingInputStream,13.76,15.56,23,54.57,72.32,18,33
compress,sonnet-4.5,org.apache.commons.compress.utils.CountingInputStream,66.88,80.17,38,38.24,63.56,21,54
compress,sonnet-4.5,org.apache.commons.compress.utils.CountingOutputStream,73.08,94.37,26,49.7,72.39,9,18
compress,sonnet-4.5,org.apache.commons.compress.utils.FileNameUtils,58.7,0.0,68,39.03,60.15,26,67
compress,sonnet-4.5,org.apache.commons.compress.utils.FixedLengthBlockOutputStream,96.93,88.14,2,40.67,97.08,1,3
compress,sonnet-4.5,org.apache.commons.compress.utils.IOUtils,70.74,77.52,66,37.77,66.56,36,96
compress,sonnet-4.5,org.apache.commons.compress.utils.InputStreamStatistics,63.86,46.2,15,36.15,67.35,8,23
compress,sonnet-4.5,org.apache.commons.compress.utils.Iterators,91.07,84.42,23,30.07,64.98,5,18
compress,sonnet-4.5,org.apache.commons.compress.utils.Lists,93.96,74.09,9,49.55,64.51,4,8
compress,sonnet-4.5,org.apache.commons.compress.utils.MultiReadOnlySeekableByteChannel,96.93,81.11,8,76.52,56.99,4,5
compress,sonnet-4.5,org.apache.commons.compress.utils.OsgiUtils,82.57,74.08,20,52.2,75.83,9,18
compress,sonnet-4.5,org.apache.commons.compress.utils.SeekableInMemoryByteChannel,61.33,0.0,13,32.22,72.25,3,9
compress,sonnet-4.5,org.apache.commons.compress.utils.ServiceLoaderIterator,89.0,94.57,15,69.26,59.01,9,13
compress,sonnet-4.5,org.apache.commons.compress.utils.Sets,65.09,0.0,4,39.89,69.82,1,2
